{"cameraMode":{"drawMode":0,"name":"Shaded","section":"Shading Mode"},"sceneLighting":false,"audioPlay":false,"sceneViewState":{"m_AlwaysRefresh":false,"showFog":true,"showSkybox":false,"showFlares":true,"showImageEffects":true,"showParticleSystems":true,"showVisualEffectGraphs":true,"m_FxEnabled":true},"in2DMode":false,"pivot":{"x":12.761550903320313,"y":-9.233230590820313,"z":-10.500892639160157},"rotation":{"x":0.12392452359199524,"y":0.8371591567993164,"z":-0.21233361959457398,"w":0.48859116435050967},"size":19.041519165039064,"orthographic":false}