{"cameraMode":{"drawMode":0,"name":"Shaded","section":"Shading Mode"},"sceneLighting":false,"audioPlay":false,"sceneViewState":{"m_AlwaysRefresh":false,"showFog":true,"showSkybox":false,"showFlares":true,"showImageEffects":true,"showParticleSystems":true,"showVisualEffectGraphs":true,"m_FxEnabled":true},"in2DMode":false,"pivot":{"x":802.8833618164063,"y":349.91766357421877,"z":-444.13433837890627},"rotation":{"x":0.12408649921417237,"y":0.4506709575653076,"z":-0.06342201679944992,"w":0.8817487359046936},"size":1.1665620803833008,"orthographic":false}